,Year,District Code,District Name,Neighborhood Code,Neighborhood Name,Gender,Immigrants,Emigrants
0,2017,1,Ciutat Vella,1,el Raval,Male,3063,1195
1,2017,1,Ciutat Vella,2,el Barri Gòtic,Male,1499,427
2,2017,1,Ciutat Vella,3,la Barceloneta,Male,910,361
3,2017,1,Ciutat Vella,4,"Sant Pere, Santa Caterina i la Ribera",Male,1438,502
4,2017,2,Eixample,5,el Fort Pienc,Male,1082,495
5,2017,2,Eixample,6,la Sagrada Família,Male,1693,796
6,2017,2,Eixample,7,la Dreta de l'Eixample,Male,1543,666
7,2017,2,Eixample,8,l'Antiga Esquerra de l'Eixample,Male,1693,702
8,2017,2,Eixample,9,la Nova Esquerra de l'Eixample,Male,1927,925
9,2017,2,Eixample,10,Sant Antoni,Male,1253,632
10,2017,3,Sants-Montjuïc,11,el Poble Sec,Male,1595,887
11,2017,3,Sants-Montjuïc,12,la Marina del Prat Vermell,Male,17,22
12,2017,3,Sants-Montjuïc,13,la Marina de Port,Male,724,516
13,2017,3,Sants-Montjuïc,14,la Font de la Guatlla,Male,351,193
14,2017,3,Sants-Montjuïc,15,Hostafrancs,Male,584,319
15,2017,3,Sants-Montjuïc,16,la Bordeta,Male,471,329
16,2017,3,Sants-Montjuïc,17,Sants - Badal,Male,703,475
17,2017,3,Sants-Montjuïc,18,Sants,Male,1407,789
18,2017,4,Les Corts,19,les Corts,Male,1054,651
19,2017,4,Les Corts,20,la Maternitat i Sant Ramon,Male,608,415
20,2017,4,Les Corts,21,Pedralbes,Male,367,189
21,2017,5,Sarrià-Sant Gervasi,22,"Vallvidrera, el Tibidabo i les Planes",Male,89,67
22,2017,5,Sarrià-Sant Gervasi,23,Sarrià,Male,606,318
23,2017,5,Sarrià-Sant Gervasi,24,les Tres Torres,Male,337,183
24,2017,5,Sarrià-Sant Gervasi,25,Sant Gervasi - la Bonanova,Male,531,299
25,2017,5,Sarrià-Sant Gervasi,26,Sant Gervasi - Galvany,Male,1092,598
26,2017,5,Sarrià-Sant Gervasi,27,el Putxet i el Farró,Male,733,396
27,2017,6,Gràcia,28,Vallcarca i els Penitents,Male,355,229
28,2017,6,Gràcia,29,el Coll,Male,166,102
29,2017,6,Gràcia,30,la Salut,Male,382,184
30,2017,6,Gràcia,31,la Vila de Gràcia,Male,1623,792
31,2017,6,Gràcia,32,el Camp d'en Grassot i Gràcia Nova,Male,833,457
32,2017,7,Horta-Guinardó,33,el Baix Guinardó,Male,620,371
33,2017,7,Horta-Guinardó,34,Can Baró,Male,240,135
34,2017,7,Horta-Guinardó,35,el Guinardó,Male,874,524
35,2017,7,Horta-Guinardó,36,la Font d'en Fargues,Male,121,97
36,2017,7,Horta-Guinardó,37,el Carmel,Male,671,461
37,2017,7,Horta-Guinardó,38,la Teixonera,Male,246,186
38,2017,7,Horta-Guinardó,39,Sant Genís dels Agudells,Male,213,98
39,2017,7,Horta-Guinardó,40,Montbau,Male,129,87
40,2017,7,Horta-Guinardó,41,la Vall d'Hebron,Male,92,61
41,2017,7,Horta-Guinardó,42,la Clota,Male,18,6
42,2017,7,Horta-Guinardó,43,Horta,Male,521,329
43,2017,8,Nou Barris,44,Vilapicina i la Torre Llobeta,Male,509,336
44,2017,8,Nou Barris,45,Porta,Male,647,369
45,2017,8,Nou Barris,46,el Turó de la Peira,Male,409,221
46,2017,8,Nou Barris,47,Can Peguera,Male,26,27
47,2017,8,Nou Barris,48,la Guineueta,Male,218,156
48,2017,8,Nou Barris,49,Canyelles,Male,62,60
49,2017,8,Nou Barris,50,les Roquetes,Male,413,253
50,2017,8,Nou Barris,51,Verdun,Male,305,203
51,2017,8,Nou Barris,52,la Prosperitat,Male,571,342
52,2017,8,Nou Barris,53,la Trinitat Nova,Male,221,156
53,2017,8,Nou Barris,54,Torre Baró,Male,53,44
54,2017,8,Nou Barris,55,Ciutat Meridiana,Male,409,230
55,2017,8,Nou Barris,56,Vallbona,Male,31,28
56,2017,9,Sant Andreu,57,la Trinitat Vella,Male,368,237
57,2017,9,Sant Andreu,58,Baró de Viver,Male,47,43
58,2017,9,Sant Andreu,59,el Bon Pastor,Male,307,215
59,2017,9,Sant Andreu,60,Sant Andreu,Male,939,667
60,2017,9,Sant Andreu,61,la Sagrera,Male,643,372
61,2017,9,Sant Andreu,62,el Congrés i els Indians,Male,297,191
62,2017,9,Sant Andreu,63,Navas,Male,501,300
63,2017,10,Sant Martí,64,el Camp de l'Arpa del Clot,Male,1075,595
64,2017,10,Sant Martí,65,el Clot,Male,651,373
65,2017,10,Sant Martí,66,el Parc i la Llacuna del Poblenou,Male,490,210
66,2017,10,Sant Martí,67,la Vila Olímpica del Poblenou,Male,190,140
67,2017,10,Sant Martí,68,el Poblenou,Male,874,513
68,2017,10,Sant Martí,69,Diagonal Mar i el Front Marítim del Poblenou,Male,379,263
69,2017,10,Sant Martí,70,el Besòs i el Maresme,Male,1146,519
70,2017,10,Sant Martí,71,Provençals del Poblenou,Male,469,311
71,2017,10,Sant Martí,72,Sant Martí de Provençals,Male,536,357
72,2017,10,Sant Martí,73,la Verneda i la Pau,Male,602,389
73,2017,1,Ciutat Vella,1,el Raval,Female,2337,910
74,2017,1,Ciutat Vella,2,el Barri Gòtic,Female,1188,353
75,2017,1,Ciutat Vella,3,la Barceloneta,Female,849,353
76,2017,1,Ciutat Vella,4,"Sant Pere, Santa Caterina i la Ribera",Female,1327,528
77,2017,2,Eixample,5,el Fort Pienc,Female,1155,586
78,2017,2,Eixample,6,la Sagrada Família,Female,1898,890
79,2017,2,Eixample,7,la Dreta de l'Eixample,Female,1657,803
80,2017,2,Eixample,8,l'Antiga Esquerra de l'Eixample,Female,1774,672
81,2017,2,Eixample,9,la Nova Esquerra de l'Eixample,Female,2135,1034
82,2017,2,Eixample,10,Sant Antoni,Female,1237,682
83,2017,3,Sants-Montjuïc,11,el Poble Sec,Female,1492,790
84,2017,3,Sants-Montjuïc,12,la Marina del Prat Vermell,Female,15,20
85,2017,3,Sants-Montjuïc,13,la Marina de Port,Female,775,511
86,2017,3,Sants-Montjuïc,14,la Font de la Guatlla,Female,295,200
87,2017,3,Sants-Montjuïc,15,Hostafrancs,Female,575,330
88,2017,3,Sants-Montjuïc,16,la Bordeta,Female,474,353
89,2017,3,Sants-Montjuïc,17,Sants - Badal,Female,773,539
90,2017,3,Sants-Montjuïc,18,Sants,Female,1432,863
91,2017,4,Les Corts,19,les Corts,Female,1222,728
92,2017,4,Les Corts,20,la Maternitat i Sant Ramon,Female,727,484
93,2017,4,Les Corts,21,Pedralbes,Female,397,192
94,2017,5,Sarrià-Sant Gervasi,22,"Vallvidrera, el Tibidabo i les Planes",Female,98,76
95,2017,5,Sarrià-Sant Gervasi,23,Sarrià,Female,602,379
96,2017,5,Sarrià-Sant Gervasi,24,les Tres Torres,Female,365,222
97,2017,5,Sarrià-Sant Gervasi,25,Sant Gervasi - la Bonanova,Female,650,334
98,2017,5,Sarrià-Sant Gervasi,26,Sant Gervasi - Galvany,Female,1342,680
99,2017,5,Sarrià-Sant Gervasi,27,el Putxet i el Farró,Female,782,485
100,2017,6,Gràcia,28,Vallcarca i els Penitents,Female,417,261
101,2017,6,Gràcia,29,el Coll,Female,206,105
102,2017,6,Gràcia,30,la Salut,Female,350,202
103,2017,6,Gràcia,31,la Vila de Gràcia,Female,1964,933
104,2017,6,Gràcia,32,el Camp d'en Grassot i Gràcia Nova,Female,958,542
105,2017,7,Horta-Guinardó,33,el Baix Guinardó,Female,665,385
106,2017,7,Horta-Guinardó,34,Can Baró,Female,233,155
107,2017,7,Horta-Guinardó,35,el Guinardó,Female,963,561
108,2017,7,Horta-Guinardó,36,la Font d'en Fargues,Female,162,100
109,2017,7,Horta-Guinardó,37,el Carmel,Female,743,500
110,2017,7,Horta-Guinardó,38,la Teixonera,Female,266,189
111,2017,7,Horta-Guinardó,39,Sant Genís dels Agudells,Female,173,111
112,2017,7,Horta-Guinardó,40,Montbau,Female,127,82
113,2017,7,Horta-Guinardó,41,la Vall d'Hebron,Female,95,59
114,2017,7,Horta-Guinardó,42,la Clota,Female,21,9
115,2017,7,Horta-Guinardó,43,Horta,Female,606,354
116,2017,8,Nou Barris,44,Vilapicina i la Torre Llobeta,Female,547,372
117,2017,8,Nou Barris,45,Porta,Female,751,371
118,2017,8,Nou Barris,46,el Turó de la Peira,Female,469,263
119,2017,8,Nou Barris,47,Can Peguera,Female,31,28
120,2017,8,Nou Barris,48,la Guineueta,Female,275,207
121,2017,8,Nou Barris,49,Canyelles,Female,78,55
122,2017,8,Nou Barris,50,les Roquetes,Female,507,302
123,2017,8,Nou Barris,51,Verdun,Female,361,201
124,2017,8,Nou Barris,52,la Prosperitat,Female,635,379
125,2017,8,Nou Barris,53,la Trinitat Nova,Female,237,167
126,2017,8,Nou Barris,54,Torre Baró,Female,42,51
127,2017,8,Nou Barris,55,Ciutat Meridiana,Female,429,204
128,2017,8,Nou Barris,56,Vallbona,Female,38,36
129,2017,9,Sant Andreu,57,la Trinitat Vella,Female,307,223
130,2017,9,Sant Andreu,58,Baró de Viver,Female,45,46
131,2017,9,Sant Andreu,59,el Bon Pastor,Female,351,192
132,2017,9,Sant Andreu,60,Sant Andreu,Female,1026,739
133,2017,9,Sant Andreu,61,la Sagrera,Female,711,461
134,2017,9,Sant Andreu,62,el Congrés i els Indians,Female,306,205
135,2017,9,Sant Andreu,63,Navas,Female,487,323
136,2017,10,Sant Martí,64,el Camp de l'Arpa del Clot,Female,1126,675
137,2017,10,Sant Martí,65,el Clot,Female,651,374
138,2017,10,Sant Martí,66,el Parc i la Llacuna del Poblenou,Female,469,226
139,2017,10,Sant Martí,67,la Vila Olímpica del Poblenou,Female,220,128
140,2017,10,Sant Martí,68,el Poblenou,Female,891,506
141,2017,10,Sant Martí,69,Diagonal Mar i el Front Marítim del Poblenou,Female,401,223
142,2017,10,Sant Martí,70,el Besòs i el Maresme,Female,870,470
143,2017,10,Sant Martí,71,Provençals del Poblenou,Female,505,306
144,2017,10,Sant Martí,72,Sant Martí de Provençals,Female,537,363
145,2017,10,Sant Martí,73,la Verneda i la Pau,Female,638,421
146,2016,1,Ciutat Vella,1,el Raval,Male,2819,1268
147,2016,1,Ciutat Vella,2,el Barri Gòtic,Male,1135,428
148,2016,1,Ciutat Vella,3,la Barceloneta,Male,785,352
149,2016,1,Ciutat Vella,4,"Sant Pere, Santa Caterina i la Ribera",Male,1210,498
150,2016,2,Eixample,5,el Fort Pienc,Male,962,482
151,2016,2,Eixample,6,la Sagrada Família,Male,1472,771
152,2016,2,Eixample,7,la Dreta de l'Eixample,Male,1367,657
153,2016,2,Eixample,8,l'Antiga Esquerra de l'Eixample,Male,1412,621
154,2016,2,Eixample,9,la Nova Esquerra de l'Eixample,Male,1667,859
155,2016,2,Eixample,10,Sant Antoni,Male,1067,576
156,2016,3,Sants-Montjuïc,11,el Poble Sec,Male,1439,833
157,2016,3,Sants-Montjuïc,12,la Marina del Prat Vermell,Male,18,22
158,2016,3,Sants-Montjuïc,13,la Marina de Port,Male,622,513
159,2016,3,Sants-Montjuïc,14,la Font de la Guatlla,Male,302,193
160,2016,3,Sants-Montjuïc,15,Hostafrancs,Male,518,329
161,2016,3,Sants-Montjuïc,16,la Bordeta,Male,442,309
162,2016,3,Sants-Montjuïc,17,Sants - Badal,Male,642,499
163,2016,3,Sants-Montjuïc,18,Sants,Male,1121,754
164,2016,4,Les Corts,19,les Corts,Male,977,666
165,2016,4,Les Corts,20,la Maternitat i Sant Ramon,Male,588,372
166,2016,4,Les Corts,21,Pedralbes,Male,369,180
167,2016,5,Sarrià-Sant Gervasi,22,"Vallvidrera, el Tibidabo i les Planes",Male,75,67
168,2016,5,Sarrià-Sant Gervasi,23,Sarrià,Male,542,345
169,2016,5,Sarrià-Sant Gervasi,24,les Tres Torres,Male,264,191
170,2016,5,Sarrià-Sant Gervasi,25,Sant Gervasi - la Bonanova,Male,526,309
171,2016,5,Sarrià-Sant Gervasi,26,Sant Gervasi - Galvany,Male,1041,565
172,2016,5,Sarrià-Sant Gervasi,27,el Putxet i el Farró,Male,580,423
173,2016,6,Gràcia,28,Vallcarca i els Penitents,Male,325,220
174,2016,6,Gràcia,29,el Coll,Male,161,117
175,2016,6,Gràcia,30,la Salut,Male,304,171
176,2016,6,Gràcia,31,la Vila de Gràcia,Male,1405,767
177,2016,6,Gràcia,32,el Camp d'en Grassot i Gràcia Nova,Male,702,427
178,2016,7,Horta-Guinardó,33,el Baix Guinardó,Male,510,349
179,2016,7,Horta-Guinardó,34,Can Baró,Male,174,118
180,2016,7,Horta-Guinardó,35,el Guinardó,Male,774,449
181,2016,7,Horta-Guinardó,36,la Font d'en Fargues,Male,99,109
182,2016,7,Horta-Guinardó,37,el Carmel,Male,555,422
183,2016,7,Horta-Guinardó,38,la Teixonera,Male,268,149
184,2016,7,Horta-Guinardó,39,Sant Genís dels Agudells,Male,177,83
185,2016,7,Horta-Guinardó,40,Montbau,Male,97,60
186,2016,7,Horta-Guinardó,41,la Vall d'Hebron,Male,113,58
187,2016,7,Horta-Guinardó,42,la Clota,Male,8,5
188,2016,7,Horta-Guinardó,43,Horta,Male,463,283
189,2016,8,Nou Barris,44,Vilapicina i la Torre Llobeta,Male,447,287
190,2016,8,Nou Barris,45,Porta,Male,548,308
191,2016,8,Nou Barris,46,el Turó de la Peira,Male,336,219
192,2016,8,Nou Barris,47,Can Peguera,Male,31,27
193,2016,8,Nou Barris,48,la Guineueta,Male,204,115
194,2016,8,Nou Barris,49,Canyelles,Male,64,83
195,2016,8,Nou Barris,50,les Roquetes,Male,383,221
196,2016,8,Nou Barris,51,Verdun,Male,273,187
197,2016,8,Nou Barris,52,la Prosperitat,Male,475,363
198,2016,8,Nou Barris,53,la Trinitat Nova,Male,171,118
199,2016,8,Nou Barris,54,Torre Baró,Male,55,42
200,2016,8,Nou Barris,55,Ciutat Meridiana,Male,316,204
201,2016,8,Nou Barris,56,Vallbona,Male,37,29
202,2016,9,Sant Andreu,57,la Trinitat Vella,Male,300,227
203,2016,9,Sant Andreu,58,Baró de Viver,Male,40,50
204,2016,9,Sant Andreu,59,el Bon Pastor,Male,251,220
205,2016,9,Sant Andreu,60,Sant Andreu,Male,854,661
206,2016,9,Sant Andreu,61,la Sagrera,Male,533,358
207,2016,9,Sant Andreu,62,el Congrés i els Indians,Male,251,181
208,2016,9,Sant Andreu,63,Navas,Male,443,313
209,2016,10,Sant Martí,64,el Camp de l'Arpa del Clot,Male,920,589
210,2016,10,Sant Martí,65,el Clot,Male,570,373
211,2016,10,Sant Martí,66,el Parc i la Llacuna del Poblenou,Male,450,226
212,2016,10,Sant Martí,67,la Vila Olímpica del Poblenou,Male,196,116
213,2016,10,Sant Martí,68,el Poblenou,Male,807,473
214,2016,10,Sant Martí,69,Diagonal Mar i el Front Marítim del Poblenou,Male,337,192
215,2016,10,Sant Martí,70,el Besòs i el Maresme,Male,871,598
216,2016,10,Sant Martí,71,Provençals del Poblenou,Male,398,313
217,2016,10,Sant Martí,72,Sant Martí de Provençals,Male,502,360
218,2016,10,Sant Martí,73,la Verneda i la Pau,Male,506,384
219,2016,1,Ciutat Vella,1,el Raval,Female,2157,905
220,2016,1,Ciutat Vella,2,el Barri Gòtic,Female,1063,337
221,2016,1,Ciutat Vella,3,la Barceloneta,Female,763,294
222,2016,1,Ciutat Vella,4,"Sant Pere, Santa Caterina i la Ribera",Female,1167,428
223,2016,2,Eixample,5,el Fort Pienc,Female,1032,500
224,2016,2,Eixample,6,la Sagrada Família,Female,1683,866
225,2016,2,Eixample,7,la Dreta de l'Eixample,Female,1576,764
226,2016,2,Eixample,8,l'Antiga Esquerra de l'Eixample,Female,1499,679
227,2016,2,Eixample,9,la Nova Esquerra de l'Eixample,Female,1819,950
228,2016,2,Eixample,10,Sant Antoni,Female,1079,555
229,2016,3,Sants-Montjuïc,11,el Poble Sec,Female,1290,772
230,2016,3,Sants-Montjuïc,12,la Marina del Prat Vermell,Female,17,26
231,2016,3,Sants-Montjuïc,13,la Marina de Port,Female,679,510
232,2016,3,Sants-Montjuïc,14,la Font de la Guatlla,Female,298,199
233,2016,3,Sants-Montjuïc,15,Hostafrancs,Female,505,323
234,2016,3,Sants-Montjuïc,16,la Bordeta,Female,445,329
235,2016,3,Sants-Montjuïc,17,Sants - Badal,Female,724,544
236,2016,3,Sants-Montjuïc,18,Sants,Female,1201,770
237,2016,4,Les Corts,19,les Corts,Female,1070,660
238,2016,4,Les Corts,20,la Maternitat i Sant Ramon,Female,622,430
239,2016,4,Les Corts,21,Pedralbes,Female,366,178
240,2016,5,Sarrià-Sant Gervasi,22,"Vallvidrera, el Tibidabo i les Planes",Female,75,70
241,2016,5,Sarrià-Sant Gervasi,23,Sarrià,Female,589,378
242,2016,5,Sarrià-Sant Gervasi,24,les Tres Torres,Female,348,232
243,2016,5,Sarrià-Sant Gervasi,25,Sant Gervasi - la Bonanova,Female,597,364
244,2016,5,Sarrià-Sant Gervasi,26,Sant Gervasi - Galvany,Female,1228,665
245,2016,5,Sarrià-Sant Gervasi,27,el Putxet i el Farró,Female,691,485
246,2016,6,Gràcia,28,Vallcarca i els Penitents,Female,354,219
247,2016,6,Gràcia,29,el Coll,Female,171,131
248,2016,6,Gràcia,30,la Salut,Female,305,166
249,2016,6,Gràcia,31,la Vila de Gràcia,Female,1650,848
250,2016,6,Gràcia,32,el Camp d'en Grassot i Gràcia Nova,Female,803,469
251,2016,7,Horta-Guinardó,33,el Baix Guinardó,Female,550,365
252,2016,7,Horta-Guinardó,34,Can Baró,Female,200,129
253,2016,7,Horta-Guinardó,35,el Guinardó,Female,852,577
254,2016,7,Horta-Guinardó,36,la Font d'en Fargues,Female,103,108
255,2016,7,Horta-Guinardó,37,el Carmel,Female,598,457
256,2016,7,Horta-Guinardó,38,la Teixonera,Female,268,175
257,2016,7,Horta-Guinardó,39,Sant Genís dels Agudells,Female,170,83
258,2016,7,Horta-Guinardó,40,Montbau,Female,134,64
259,2016,7,Horta-Guinardó,41,la Vall d'Hebron,Female,98,55
260,2016,7,Horta-Guinardó,42,la Clota,Female,15,3
261,2016,7,Horta-Guinardó,43,Horta,Female,506,317
262,2016,8,Nou Barris,44,Vilapicina i la Torre Llobeta,Female,509,361
263,2016,8,Nou Barris,45,Porta,Female,618,352
264,2016,8,Nou Barris,46,el Turó de la Peira,Female,381,231
265,2016,8,Nou Barris,47,Can Peguera,Female,37,27
266,2016,8,Nou Barris,48,la Guineueta,Female,260,143
267,2016,8,Nou Barris,49,Canyelles,Female,65,79
268,2016,8,Nou Barris,50,les Roquetes,Female,469,303
269,2016,8,Nou Barris,51,Verdun,Female,303,205
270,2016,8,Nou Barris,52,la Prosperitat,Female,624,367
271,2016,8,Nou Barris,53,la Trinitat Nova,Female,174,132
272,2016,8,Nou Barris,54,Torre Baró,Female,70,35
273,2016,8,Nou Barris,55,Ciutat Meridiana,Female,310,188
274,2016,8,Nou Barris,56,Vallbona,Female,28,22
275,2016,9,Sant Andreu,57,la Trinitat Vella,Female,245,170
276,2016,9,Sant Andreu,58,Baró de Viver,Female,44,40
277,2016,9,Sant Andreu,59,el Bon Pastor,Female,233,219
278,2016,9,Sant Andreu,60,Sant Andreu,Female,896,708
279,2016,9,Sant Andreu,61,la Sagrera,Female,646,388
280,2016,9,Sant Andreu,62,el Congrés i els Indians,Female,299,190
281,2016,9,Sant Andreu,63,Navas,Female,470,346
282,2016,10,Sant Martí,64,el Camp de l'Arpa del Clot,Female,974,680
283,2016,10,Sant Martí,65,el Clot,Female,589,379
284,2016,10,Sant Martí,66,el Parc i la Llacuna del Poblenou,Female,406,236
285,2016,10,Sant Martí,67,la Vila Olímpica del Poblenou,Female,195,104
286,2016,10,Sant Martí,68,el Poblenou,Female,813,483
287,2016,10,Sant Martí,69,Diagonal Mar i el Front Marítim del Poblenou,Female,332,193
288,2016,10,Sant Martí,70,el Besòs i el Maresme,Female,704,484
289,2016,10,Sant Martí,71,Provençals del Poblenou,Female,407,320
290,2016,10,Sant Martí,72,Sant Martí de Provençals,Female,535,403
291,2016,10,Sant Martí,73,la Verneda i la Pau,Female,501,396
292,2015,1,Ciutat Vella,1,el Raval,Male,3219,1541
293,2015,1,Ciutat Vella,2,el Barri Gòtic,Male,1164,435
294,2015,1,Ciutat Vella,3,la Barceloneta,Male,808,326
295,2015,1,Ciutat Vella,4,"Sant Pere, Santa Caterina i la Ribera",Male,1302,564
296,2015,2,Eixample,5,el Fort Pienc,Male,999,519
297,2015,2,Eixample,6,la Sagrada Família,Male,1544,817
298,2015,2,Eixample,7,la Dreta de l'Eixample,Male,1376,673
299,2015,2,Eixample,8,l'Antiga Esquerra de l'Eixample,Male,1443,675
300,2015,2,Eixample,9,la Nova Esquerra de l'Eixample,Male,1699,941
301,2015,2,Eixample,10,Sant Antoni,Male,1188,726
302,2015,3,Sants-Montjuïc,11,el Poble Sec,Male,1573,968
303,2015,3,Sants-Montjuïc,12,la Marina del Prat Vermell,Male,33,19
304,2015,3,Sants-Montjuïc,13,la Marina de Port,Male,691,546
305,2015,3,Sants-Montjuïc,14,la Font de la Guatlla,Male,372,209
306,2015,3,Sants-Montjuïc,15,Hostafrancs,Male,605,356
307,2015,3,Sants-Montjuïc,16,la Bordeta,Male,488,366
308,2015,3,Sants-Montjuïc,17,Sants - Badal,Male,708,568
309,2015,3,Sants-Montjuïc,18,Sants,Male,1224,918
310,2015,4,Les Corts,19,les Corts,Male,1022,675
311,2015,4,Les Corts,20,la Maternitat i Sant Ramon,Male,626,400
312,2015,4,Les Corts,21,Pedralbes,Male,392,208
313,2015,5,Sarrià-Sant Gervasi,22,"Vallvidrera, el Tibidabo i les Planes",Male,110,88
314,2015,5,Sarrià-Sant Gervasi,23,Sarrià,Male,579,349
315,2015,5,Sarrià-Sant Gervasi,24,les Tres Torres,Male,313,191
316,2015,5,Sarrià-Sant Gervasi,25,Sant Gervasi - la Bonanova,Male,575,366
317,2015,5,Sarrià-Sant Gervasi,26,Sant Gervasi - Galvany,Male,1032,586
318,2015,5,Sarrià-Sant Gervasi,27,el Putxet i el Farró,Male,679,408
319,2015,6,Gràcia,28,Vallcarca i els Penitents,Male,312,220
320,2015,6,Gràcia,29,el Coll,Male,177,119
321,2015,6,Gràcia,30,la Salut,Male,268,167
322,2015,6,Gràcia,31,la Vila de Gràcia,Male,1607,782
323,2015,6,Gràcia,32,el Camp d'en Grassot i Gràcia Nova,Male,780,464
324,2015,7,Horta-Guinardó,33,el Baix Guinardó,Male,587,367
325,2015,7,Horta-Guinardó,34,Can Baró,Male,205,128
326,2015,7,Horta-Guinardó,35,el Guinardó,Male,805,487
327,2015,7,Horta-Guinardó,36,la Font d'en Fargues,Male,125,91
328,2015,7,Horta-Guinardó,37,el Carmel,Male,564,449
329,2015,7,Horta-Guinardó,38,la Teixonera,Male,205,158
330,2015,7,Horta-Guinardó,39,Sant Genís dels Agudells,Male,135,117
331,2015,7,Horta-Guinardó,40,Montbau,Male,112,61
332,2015,7,Horta-Guinardó,41,la Vall d'Hebron,Male,99,55
333,2015,7,Horta-Guinardó,42,la Clota,Male,20,11
334,2015,7,Horta-Guinardó,43,Horta,Male,481,319
335,2015,8,Nou Barris,44,Vilapicina i la Torre Llobeta,Male,498,322
336,2015,8,Nou Barris,45,Porta,Male,510,302
337,2015,8,Nou Barris,46,el Turó de la Peira,Male,382,223
338,2015,8,Nou Barris,47,Can Peguera,Male,17,26
339,2015,8,Nou Barris,48,la Guineueta,Male,203,187
340,2015,8,Nou Barris,49,Canyelles,Male,77,72
341,2015,8,Nou Barris,50,les Roquetes,Male,409,287
342,2015,8,Nou Barris,51,Verdun,Male,278,203
343,2015,8,Nou Barris,52,la Prosperitat,Male,497,379
344,2015,8,Nou Barris,53,la Trinitat Nova,Male,189,142
345,2015,8,Nou Barris,54,Torre Baró,Male,70,47
346,2015,8,Nou Barris,55,Ciutat Meridiana,Male,303,286
347,2015,8,Nou Barris,56,Vallbona,Male,37,24
348,2015,9,Sant Andreu,57,la Trinitat Vella,Male,407,296
349,2015,9,Sant Andreu,58,Baró de Viver,Male,61,36
350,2015,9,Sant Andreu,59,el Bon Pastor,Male,310,245
351,2015,9,Sant Andreu,60,Sant Andreu,Male,898,706
352,2015,9,Sant Andreu,61,la Sagrera,Male,548,364
353,2015,9,Sant Andreu,62,el Congrés i els Indians,Male,272,200
354,2015,9,Sant Andreu,63,Navas,Male,470,319
355,2015,10,Sant Martí,64,el Camp de l'Arpa del Clot,Male,935,623
356,2015,10,Sant Martí,65,el Clot,Male,612,405
357,2015,10,Sant Martí,66,el Parc i la Llacuna del Poblenou,Male,442,271
358,2015,10,Sant Martí,67,la Vila Olímpica del Poblenou,Male,243,128
359,2015,10,Sant Martí,68,el Poblenou,Male,800,477
360,2015,10,Sant Martí,69,Diagonal Mar i el Front Marítim del Poblenou,Male,348,241
361,2015,10,Sant Martí,70,el Besòs i el Maresme,Male,921,709
362,2015,10,Sant Martí,71,Provençals del Poblenou,Male,474,301
363,2015,10,Sant Martí,72,Sant Martí de Provençals,Male,496,335
364,2015,10,Sant Martí,73,la Verneda i la Pau,Male,529,437
365,2015,1,Ciutat Vella,1,el Raval,Female,2118,993
366,2015,1,Ciutat Vella,2,el Barri Gòtic,Female,1038,337
367,2015,1,Ciutat Vella,3,la Barceloneta,Female,746,316
368,2015,1,Ciutat Vella,4,"Sant Pere, Santa Caterina i la Ribera",Female,1250,520
369,2015,2,Eixample,5,el Fort Pienc,Female,1005,533
370,2015,2,Eixample,6,la Sagrada Família,Female,1722,866
371,2015,2,Eixample,7,la Dreta de l'Eixample,Female,1597,807
372,2015,2,Eixample,8,l'Antiga Esquerra de l'Eixample,Female,1493,702
373,2015,2,Eixample,9,la Nova Esquerra de l'Eixample,Female,1844,995
374,2015,2,Eixample,10,Sant Antoni,Female,1108,645
375,2015,3,Sants-Montjuïc,11,el Poble Sec,Female,1321,902
376,2015,3,Sants-Montjuïc,12,la Marina del Prat Vermell,Female,28,20
377,2015,3,Sants-Montjuïc,13,la Marina de Port,Female,674,502
378,2015,3,Sants-Montjuïc,14,la Font de la Guatlla,Female,390,226
379,2015,3,Sants-Montjuïc,15,Hostafrancs,Female,569,324
380,2015,3,Sants-Montjuïc,16,la Bordeta,Female,451,369
381,2015,3,Sants-Montjuïc,17,Sants - Badal,Female,767,569
382,2015,3,Sants-Montjuïc,18,Sants,Female,1285,896
383,2015,4,Les Corts,19,les Corts,Female,1099,737
384,2015,4,Les Corts,20,la Maternitat i Sant Ramon,Female,714,453
385,2015,4,Les Corts,21,Pedralbes,Female,350,193
386,2015,5,Sarrià-Sant Gervasi,22,"Vallvidrera, el Tibidabo i les Planes",Female,121,90
387,2015,5,Sarrià-Sant Gervasi,23,Sarrià,Female,608,368
388,2015,5,Sarrià-Sant Gervasi,24,les Tres Torres,Female,396,245
389,2015,5,Sarrià-Sant Gervasi,25,Sant Gervasi - la Bonanova,Female,642,407
390,2015,5,Sarrià-Sant Gervasi,26,Sant Gervasi - Galvany,Female,1236,721
391,2015,5,Sarrià-Sant Gervasi,27,el Putxet i el Farró,Female,780,429
392,2015,6,Gràcia,28,Vallcarca i els Penitents,Female,351,201
393,2015,6,Gràcia,29,el Coll,Female,195,108
394,2015,6,Gràcia,30,la Salut,Female,286,204
395,2015,6,Gràcia,31,la Vila de Gràcia,Female,1895,931
396,2015,6,Gràcia,32,el Camp d'en Grassot i Gràcia Nova,Female,863,471
397,2015,7,Horta-Guinardó,33,el Baix Guinardó,Female,618,394
398,2015,7,Horta-Guinardó,34,Can Baró,Female,197,133
399,2015,7,Horta-Guinardó,35,el Guinardó,Female,858,579
400,2015,7,Horta-Guinardó,36,la Font d'en Fargues,Female,105,105
401,2015,7,Horta-Guinardó,37,el Carmel,Female,601,507
402,2015,7,Horta-Guinardó,38,la Teixonera,Female,215,159
403,2015,7,Horta-Guinardó,39,Sant Genís dels Agudells,Female,136,123
404,2015,7,Horta-Guinardó,40,Montbau,Female,110,60
405,2015,7,Horta-Guinardó,41,la Vall d'Hebron,Female,85,53
406,2015,7,Horta-Guinardó,42,la Clota,Female,8,9
407,2015,7,Horta-Guinardó,43,Horta,Female,507,293
408,2015,8,Nou Barris,44,Vilapicina i la Torre Llobeta,Female,507,344
409,2015,8,Nou Barris,45,Porta,Female,494,312
410,2015,8,Nou Barris,46,el Turó de la Peira,Female,378,261
411,2015,8,Nou Barris,47,Can Peguera,Female,24,27
412,2015,8,Nou Barris,48,la Guineueta,Female,232,196
413,2015,8,Nou Barris,49,Canyelles,Female,85,89
414,2015,8,Nou Barris,50,les Roquetes,Female,433,303
415,2015,8,Nou Barris,51,Verdun,Female,316,206
416,2015,8,Nou Barris,52,la Prosperitat,Female,564,393
417,2015,8,Nou Barris,53,la Trinitat Nova,Female,191,136
418,2015,8,Nou Barris,54,Torre Baró,Female,71,43
419,2015,8,Nou Barris,55,Ciutat Meridiana,Female,297,262
420,2015,8,Nou Barris,56,Vallbona,Female,36,21
421,2015,9,Sant Andreu,57,la Trinitat Vella,Female,287,200
422,2015,9,Sant Andreu,58,Baró de Viver,Female,49,65
423,2015,9,Sant Andreu,59,el Bon Pastor,Female,269,184
424,2015,9,Sant Andreu,60,Sant Andreu,Female,913,702
425,2015,9,Sant Andreu,61,la Sagrera,Female,628,419
426,2015,9,Sant Andreu,62,el Congrés i els Indians,Female,295,222
427,2015,9,Sant Andreu,63,Navas,Female,462,320
428,2015,10,Sant Martí,64,el Camp de l'Arpa del Clot,Female,1013,654
429,2015,10,Sant Martí,65,el Clot,Female,603,437
430,2015,10,Sant Martí,66,el Parc i la Llacuna del Poblenou,Female,449,263
431,2015,10,Sant Martí,67,la Vila Olímpica del Poblenou,Female,241,132
432,2015,10,Sant Martí,68,el Poblenou,Female,804,515
433,2015,10,Sant Martí,69,Diagonal Mar i el Front Marítim del Poblenou,Female,325,216
434,2015,10,Sant Martí,70,el Besòs i el Maresme,Female,652,561
435,2015,10,Sant Martí,71,Provençals del Poblenou,Female,467,269
436,2015,10,Sant Martí,72,Sant Martí de Provençals,Female,463,363
437,2015,10,Sant Martí,73,la Verneda i la Pau,Female,564,469
438,2014,1,Ciutat Vella,1,el Raval,Male,2810,1485
439,2014,1,Ciutat Vella,2,el Barri Gòtic,Male,947,429
440,2014,1,Ciutat Vella,3,la Barceloneta,Male,704,363
441,2014,1,Ciutat Vella,4,"Sant Pere, Santa Caterina i la Ribera",Male,1175,520
442,2014,2,Eixample,5,el Fort Pienc,Male,916,491
443,2014,2,Eixample,6,la Sagrada Família,Male,1357,788
444,2014,2,Eixample,7,la Dreta de l'Eixample,Male,1319,679
445,2014,2,Eixample,8,l'Antiga Esquerra de l'Eixample,Male,1303,616
446,2014,2,Eixample,9,la Nova Esquerra de l'Eixample,Male,1594,896
447,2014,2,Eixample,10,Sant Antoni,Male,1137,624
448,2014,3,Sants-Montjuïc,11,el Poble Sec,Male,1467,981
449,2014,3,Sants-Montjuïc,12,la Marina del Prat Vermell,Male,20,24
450,2014,3,Sants-Montjuïc,13,la Marina de Port,Male,710,505
451,2014,3,Sants-Montjuïc,14,la Font de la Guatlla,Male,293,193
452,2014,3,Sants-Montjuïc,15,Hostafrancs,Male,544,405
453,2014,3,Sants-Montjuïc,16,la Bordeta,Male,455,360
454,2014,3,Sants-Montjuïc,17,Sants - Badal,Male,703,561
455,2014,3,Sants-Montjuïc,18,Sants,Male,1222,887
456,2014,4,Les Corts,19,les Corts,Male,922,647
457,2014,4,Les Corts,20,la Maternitat i Sant Ramon,Male,682,382
458,2014,4,Les Corts,21,Pedralbes,Male,349,209
459,2014,5,Sarrià-Sant Gervasi,22,"Vallvidrera, el Tibidabo i les Planes",Male,93,72
460,2014,5,Sarrià-Sant Gervasi,23,Sarrià,Male,510,325
461,2014,5,Sarrià-Sant Gervasi,24,les Tres Torres,Male,369,224
462,2014,5,Sarrià-Sant Gervasi,25,Sant Gervasi - la Bonanova,Male,553,321
463,2014,5,Sarrià-Sant Gervasi,26,Sant Gervasi - Galvany,Male,980,603
464,2014,5,Sarrià-Sant Gervasi,27,el Putxet i el Farró,Male,693,337
465,2014,6,Gràcia,28,Vallcarca i els Penitents,Male,308,195
466,2014,6,Gràcia,29,el Coll,Male,166,104
467,2014,6,Gràcia,30,la Salut,Male,292,168
468,2014,6,Gràcia,31,la Vila de Gràcia,Male,1511,853
469,2014,6,Gràcia,32,el Camp d'en Grassot i Gràcia Nova,Male,730,490
470,2014,7,Horta-Guinardó,33,el Baix Guinardó,Male,539,362
471,2014,7,Horta-Guinardó,34,Can Baró,Male,163,127
472,2014,7,Horta-Guinardó,35,el Guinardó,Male,682,475
473,2014,7,Horta-Guinardó,36,la Font d'en Fargues,Male,106,109
474,2014,7,Horta-Guinardó,37,el Carmel,Male,524,480
475,2014,7,Horta-Guinardó,38,la Teixonera,Male,208,169
476,2014,7,Horta-Guinardó,39,Sant Genís dels Agudells,Male,109,107
477,2014,7,Horta-Guinardó,40,Montbau,Male,83,46
478,2014,7,Horta-Guinardó,41,la Vall d'Hebron,Male,95,58
479,2014,7,Horta-Guinardó,42,la Clota,Male,9,8
480,2014,7,Horta-Guinardó,43,Horta,Male,467,324
481,2014,8,Nou Barris,44,Vilapicina i la Torre Llobeta,Male,473,358
482,2014,8,Nou Barris,45,Porta,Male,488,399
483,2014,8,Nou Barris,46,el Turó de la Peira,Male,328,256
484,2014,8,Nou Barris,47,Can Peguera,Male,22,46
485,2014,8,Nou Barris,48,la Guineueta,Male,186,173
486,2014,8,Nou Barris,49,Canyelles,Male,75,83
487,2014,8,Nou Barris,50,les Roquetes,Male,380,286
488,2014,8,Nou Barris,51,Verdun,Male,275,190
489,2014,8,Nou Barris,52,la Prosperitat,Male,431,364
490,2014,8,Nou Barris,53,la Trinitat Nova,Male,184,126
491,2014,8,Nou Barris,54,Torre Baró,Male,78,58
492,2014,8,Nou Barris,55,Ciutat Meridiana,Male,356,287
493,2014,8,Nou Barris,56,Vallbona,Male,29,34
494,2014,9,Sant Andreu,57,la Trinitat Vella,Male,387,311
495,2014,9,Sant Andreu,58,Baró de Viver,Male,57,76
496,2014,9,Sant Andreu,59,el Bon Pastor,Male,320,253
497,2014,9,Sant Andreu,60,Sant Andreu,Male,832,738
498,2014,9,Sant Andreu,61,la Sagrera,Male,594,490
499,2014,9,Sant Andreu,62,el Congrés i els Indians,Male,272,185
500,2014,9,Sant Andreu,63,Navas,Male,429,294
501,2014,10,Sant Martí,64,el Camp de l'Arpa del Clot,Male,888,625
502,2014,10,Sant Martí,65,el Clot,Male,579,401
503,2014,10,Sant Martí,66,el Parc i la Llacuna del Poblenou,Male,424,228
504,2014,10,Sant Martí,67,la Vila Olímpica del Poblenou,Male,176,138
505,2014,10,Sant Martí,68,el Poblenou,Male,847,501
506,2014,10,Sant Martí,69,Diagonal Mar i el Front Marítim del Poblenou,Male,307,222
507,2014,10,Sant Martí,70,el Besòs i el Maresme,Male,964,635
508,2014,10,Sant Martí,71,Provençals del Poblenou,Male,432,305
509,2014,10,Sant Martí,72,Sant Martí de Provençals,Male,468,364
510,2014,10,Sant Martí,73,la Verneda i la Pau,Male,534,398
511,2014,1,Ciutat Vella,1,el Raval,Female,1877,1024
512,2014,1,Ciutat Vella,2,el Barri Gòtic,Female,791,344
513,2014,1,Ciutat Vella,3,la Barceloneta,Female,618,309
514,2014,1,Ciutat Vella,4,"Sant Pere, Santa Caterina i la Ribera",Female,1041,492
515,2014,2,Eixample,5,el Fort Pienc,Female,907,546
516,2014,2,Eixample,6,la Sagrada Família,Female,1519,892
517,2014,2,Eixample,7,la Dreta de l'Eixample,Female,1481,746
518,2014,2,Eixample,8,l'Antiga Esquerra de l'Eixample,Female,1375,755
519,2014,2,Eixample,9,la Nova Esquerra de l'Eixample,Female,1709,1047
520,2014,2,Eixample,10,Sant Antoni,Female,1051,687
521,2014,3,Sants-Montjuïc,11,el Poble Sec,Female,1199,856
522,2014,3,Sants-Montjuïc,12,la Marina del Prat Vermell,Female,17,28
523,2014,3,Sants-Montjuïc,13,la Marina de Port,Female,628,524
524,2014,3,Sants-Montjuïc,14,la Font de la Guatlla,Female,280,170
525,2014,3,Sants-Montjuïc,15,Hostafrancs,Female,535,381
526,2014,3,Sants-Montjuïc,16,la Bordeta,Female,433,330
527,2014,3,Sants-Montjuïc,17,Sants - Badal,Female,688,604
528,2014,3,Sants-Montjuïc,18,Sants,Female,1203,843
529,2014,4,Les Corts,19,les Corts,Female,1054,686
530,2014,4,Les Corts,20,la Maternitat i Sant Ramon,Female,696,409
531,2014,4,Les Corts,21,Pedralbes,Female,328,194
532,2014,5,Sarrià-Sant Gervasi,22,"Vallvidrera, el Tibidabo i les Planes",Female,110,74
533,2014,5,Sarrià-Sant Gervasi,23,Sarrià,Female,558,393
534,2014,5,Sarrià-Sant Gervasi,24,les Tres Torres,Female,402,218
535,2014,5,Sarrià-Sant Gervasi,25,Sant Gervasi - la Bonanova,Female,565,354
536,2014,5,Sarrià-Sant Gervasi,26,Sant Gervasi - Galvany,Female,1129,682
537,2014,5,Sarrià-Sant Gervasi,27,el Putxet i el Farró,Female,710,397
538,2014,6,Gràcia,28,Vallcarca i els Penitents,Female,328,217
539,2014,6,Gràcia,29,el Coll,Female,186,90
540,2014,6,Gràcia,30,la Salut,Female,302,178
541,2014,6,Gràcia,31,la Vila de Gràcia,Female,1666,859
542,2014,6,Gràcia,32,el Camp d'en Grassot i Gràcia Nova,Female,740,485
543,2014,7,Horta-Guinardó,33,el Baix Guinardó,Female,508,378
544,2014,7,Horta-Guinardó,34,Can Baró,Female,181,136
545,2014,7,Horta-Guinardó,35,el Guinardó,Female,730,544
546,2014,7,Horta-Guinardó,36,la Font d'en Fargues,Female,112,104
547,2014,7,Horta-Guinardó,37,el Carmel,Female,523,436
548,2014,7,Horta-Guinardó,38,la Teixonera,Female,216,164
549,2014,7,Horta-Guinardó,39,Sant Genís dels Agudells,Female,113,104
550,2014,7,Horta-Guinardó,40,Montbau,Female,98,59
551,2014,7,Horta-Guinardó,41,la Vall d'Hebron,Female,83,63
552,2014,7,Horta-Guinardó,42,la Clota,Female,5,9
553,2014,7,Horta-Guinardó,43,Horta,Female,487,330
554,2014,8,Nou Barris,44,Vilapicina i la Torre Llobeta,Female,486,391
555,2014,8,Nou Barris,45,Porta,Female,478,373
556,2014,8,Nou Barris,46,el Turó de la Peira,Female,383,310
557,2014,8,Nou Barris,47,Can Peguera,Female,23,45
558,2014,8,Nou Barris,48,la Guineueta,Female,237,191
559,2014,8,Nou Barris,49,Canyelles,Female,70,73
560,2014,8,Nou Barris,50,les Roquetes,Female,422,309
561,2014,8,Nou Barris,51,Verdun,Female,320,224
562,2014,8,Nou Barris,52,la Prosperitat,Female,459,394
563,2014,8,Nou Barris,53,la Trinitat Nova,Female,148,126
564,2014,8,Nou Barris,54,Torre Baró,Female,57,60
565,2014,8,Nou Barris,55,Ciutat Meridiana,Female,326,251
566,2014,8,Nou Barris,56,Vallbona,Female,35,36
567,2014,9,Sant Andreu,57,la Trinitat Vella,Female,262,247
568,2014,9,Sant Andreu,58,Baró de Viver,Female,56,77
569,2014,9,Sant Andreu,59,el Bon Pastor,Female,252,227
570,2014,9,Sant Andreu,60,Sant Andreu,Female,892,716
571,2014,9,Sant Andreu,61,la Sagrera,Female,663,470
572,2014,9,Sant Andreu,62,el Congrés i els Indians,Female,299,206
573,2014,9,Sant Andreu,63,Navas,Female,460,335
574,2014,10,Sant Martí,64,el Camp de l'Arpa del Clot,Female,956,651
575,2014,10,Sant Martí,65,el Clot,Female,584,409
576,2014,10,Sant Martí,66,el Parc i la Llacuna del Poblenou,Female,372,227
577,2014,10,Sant Martí,67,la Vila Olímpica del Poblenou,Female,190,116
578,2014,10,Sant Martí,68,el Poblenou,Female,730,507
579,2014,10,Sant Martí,69,Diagonal Mar i el Front Marítim del Poblenou,Female,302,206
580,2014,10,Sant Martí,70,el Besòs i el Maresme,Female,648,455
581,2014,10,Sant Martí,71,Provençals del Poblenou,Female,410,305
582,2014,10,Sant Martí,72,Sant Martí de Provençals,Female,496,355
583,2014,10,Sant Martí,73,la Verneda i la Pau,Female,562,426
584,2013,1,Ciutat Vella,1,el Raval,Male,2817,1485
585,2013,1,Ciutat Vella,2,el Barri Gòtic,Male,921,429
586,2013,1,Ciutat Vella,3,la Barceloneta,Male,665,363
587,2013,1,Ciutat Vella,4,"Sant Pere, Santa Caterina i la Ribera",Male,943,520
588,2013,2,Eixample,5,el Fort Pienc,Male,782,491
589,2013,2,Eixample,6,la Sagrada Família,Male,1173,788
590,2013,2,Eixample,7,la Dreta de l'Eixample,Male,1103,679
591,2013,2,Eixample,8,l'Antiga Esquerra de l'Eixample,Male,1200,616
592,2013,2,Eixample,9,la Nova Esquerra de l'Eixample,Male,1477,896
593,2013,2,Eixample,10,Sant Antoni,Male,1002,624
594,2013,3,Sants-Montjuïc,11,el Poble Sec,Male,1361,981
595,2013,3,Sants-Montjuïc,12,la Marina del Prat Vermell,Male,20,24
596,2013,3,Sants-Montjuïc,13,la Marina de Port,Male,614,505
597,2013,3,Sants-Montjuïc,14,la Font de la Guatlla,Male,302,193
598,2013,3,Sants-Montjuïc,15,Hostafrancs,Male,499,405
599,2013,3,Sants-Montjuïc,16,la Bordeta,Male,437,360
600,2013,3,Sants-Montjuïc,17,Sants - Badal,Male,686,561
601,2013,3,Sants-Montjuïc,18,Sants,Male,1145,887
602,2013,4,Les Corts,19,les Corts,Male,942,647
603,2013,4,Les Corts,20,la Maternitat i Sant Ramon,Male,540,382
604,2013,4,Les Corts,21,Pedralbes,Male,316,209
605,2013,5,Sarrià-Sant Gervasi,22,"Vallvidrera, el Tibidabo i les Planes",Male,74,72
606,2013,5,Sarrià-Sant Gervasi,23,Sarrià,Male,468,325
607,2013,5,Sarrià-Sant Gervasi,24,les Tres Torres,Male,374,224
608,2013,5,Sarrià-Sant Gervasi,25,Sant Gervasi - la Bonanova,Male,474,321
609,2013,5,Sarrià-Sant Gervasi,26,Sant Gervasi - Galvany,Male,828,603
610,2013,5,Sarrià-Sant Gervasi,27,el Putxet i el Farró,Male,537,337
611,2013,6,Gràcia,28,Vallcarca i els Penitents,Male,287,195
612,2013,6,Gràcia,29,el Coll,Male,140,104
613,2013,6,Gràcia,30,la Salut,Male,239,168
614,2013,6,Gràcia,31,la Vila de Gràcia,Male,1324,853
615,2013,6,Gràcia,32,el Camp d'en Grassot i Gràcia Nova,Male,622,490
616,2013,7,Horta-Guinardó,33,el Baix Guinardó,Male,476,362
617,2013,7,Horta-Guinardó,34,Can Baró,Male,165,127
618,2013,7,Horta-Guinardó,35,el Guinardó,Male,618,475
619,2013,7,Horta-Guinardó,36,la Font d'en Fargues,Male,102,109
620,2013,7,Horta-Guinardó,37,el Carmel,Male,574,480
621,2013,7,Horta-Guinardó,38,la Teixonera,Male,195,169
622,2013,7,Horta-Guinardó,39,Sant Genís dels Agudells,Male,120,107
623,2013,7,Horta-Guinardó,40,Montbau,Male,99,46
624,2013,7,Horta-Guinardó,41,la Vall d'Hebron,Male,88,58
625,2013,7,Horta-Guinardó,42,la Clota,Male,12,8
626,2013,7,Horta-Guinardó,43,Horta,Male,468,324
627,2013,8,Nou Barris,44,Vilapicina i la Torre Llobeta,Male,438,358
628,2013,8,Nou Barris,45,Porta,Male,443,399
629,2013,8,Nou Barris,46,el Turó de la Peira,Male,351,256
630,2013,8,Nou Barris,47,Can Peguera,Male,49,46
631,2013,8,Nou Barris,48,la Guineueta,Male,177,173
632,2013,8,Nou Barris,49,Canyelles,Male,82,83
633,2013,8,Nou Barris,50,les Roquetes,Male,376,286
634,2013,8,Nou Barris,51,Verdun,Male,249,190
635,2013,8,Nou Barris,52,la Prosperitat,Male,458,364
636,2013,8,Nou Barris,53,la Trinitat Nova,Male,162,126
637,2013,8,Nou Barris,54,Torre Baró,Male,68,58
638,2013,8,Nou Barris,55,Ciutat Meridiana,Male,389,287
639,2013,8,Nou Barris,56,Vallbona,Male,21,34
640,2013,9,Sant Andreu,57,la Trinitat Vella,Male,387,311
641,2013,9,Sant Andreu,58,Baró de Viver,Male,84,76
642,2013,9,Sant Andreu,59,el Bon Pastor,Male,289,253
643,2013,9,Sant Andreu,60,Sant Andreu,Male,770,738
644,2013,9,Sant Andreu,61,la Sagrera,Male,550,490
645,2013,9,Sant Andreu,62,el Congrés i els Indians,Male,239,185
646,2013,9,Sant Andreu,63,Navas,Male,361,294
647,2013,10,Sant Martí,64,el Camp de l'Arpa del Clot,Male,829,625
648,2013,10,Sant Martí,65,el Clot,Male,542,401
649,2013,10,Sant Martí,66,el Parc i la Llacuna del Poblenou,Male,435,228
650,2013,10,Sant Martí,67,la Vila Olímpica del Poblenou,Male,175,138
651,2013,10,Sant Martí,68,el Poblenou,Male,718,501
652,2013,10,Sant Martí,69,Diagonal Mar i el Front Marítim del Poblenou,Male,273,222
653,2013,10,Sant Martí,70,el Besòs i el Maresme,Male,894,635
654,2013,10,Sant Martí,71,Provençals del Poblenou,Male,370,305
655,2013,10,Sant Martí,72,Sant Martí de Provençals,Male,464,364
656,2013,10,Sant Martí,73,la Verneda i la Pau,Male,475,398
657,2013,1,Ciutat Vella,1,el Raval,Female,1716,1024
658,2013,1,Ciutat Vella,2,el Barri Gòtic,Female,751,344
659,2013,1,Ciutat Vella,3,la Barceloneta,Female,540,309
660,2013,1,Ciutat Vella,4,"Sant Pere, Santa Caterina i la Ribera",Female,882,492
661,2013,2,Eixample,5,el Fort Pienc,Female,815,546
662,2013,2,Eixample,6,la Sagrada Família,Female,1359,892
663,2013,2,Eixample,7,la Dreta de l'Eixample,Female,1240,746
664,2013,2,Eixample,8,l'Antiga Esquerra de l'Eixample,Female,1272,755
665,2013,2,Eixample,9,la Nova Esquerra de l'Eixample,Female,1520,1047
666,2013,2,Eixample,10,Sant Antoni,Female,997,687
667,2013,3,Sants-Montjuïc,11,el Poble Sec,Female,1097,856
668,2013,3,Sants-Montjuïc,12,la Marina del Prat Vermell,Female,17,28
669,2013,3,Sants-Montjuïc,13,la Marina de Port,Female,600,524
670,2013,3,Sants-Montjuïc,14,la Font de la Guatlla,Female,297,170
671,2013,3,Sants-Montjuïc,15,Hostafrancs,Female,466,381
672,2013,3,Sants-Montjuïc,16,la Bordeta,Female,423,330
673,2013,3,Sants-Montjuïc,17,Sants - Badal,Female,715,604
674,2013,3,Sants-Montjuïc,18,Sants,Female,1084,843
675,2013,4,Les Corts,19,les Corts,Female,973,686
676,2013,4,Les Corts,20,la Maternitat i Sant Ramon,Female,605,409
677,2013,4,Les Corts,21,Pedralbes,Female,309,194
678,2013,5,Sarrià-Sant Gervasi,22,"Vallvidrera, el Tibidabo i les Planes",Female,79,74
679,2013,5,Sarrià-Sant Gervasi,23,Sarrià,Female,527,393
680,2013,5,Sarrià-Sant Gervasi,24,les Tres Torres,Female,370,218
681,2013,5,Sarrià-Sant Gervasi,25,Sant Gervasi - la Bonanova,Female,547,354
682,2013,5,Sarrià-Sant Gervasi,26,Sant Gervasi - Galvany,Female,961,682
683,2013,5,Sarrià-Sant Gervasi,27,el Putxet i el Farró,Female,644,397
684,2013,6,Gràcia,28,Vallcarca i els Penitents,Female,304,217
685,2013,6,Gràcia,29,el Coll,Female,159,90
686,2013,6,Gràcia,30,la Salut,Female,283,178
687,2013,6,Gràcia,31,la Vila de Gràcia,Female,1527,859
688,2013,6,Gràcia,32,el Camp d'en Grassot i Gràcia Nova,Female,710,485
689,2013,7,Horta-Guinardó,33,el Baix Guinardó,Female,519,378
690,2013,7,Horta-Guinardó,34,Can Baró,Female,175,136
691,2013,7,Horta-Guinardó,35,el Guinardó,Female,706,544
692,2013,7,Horta-Guinardó,36,la Font d'en Fargues,Female,105,104
693,2013,7,Horta-Guinardó,37,el Carmel,Female,535,436
694,2013,7,Horta-Guinardó,38,la Teixonera,Female,203,164
695,2013,7,Horta-Guinardó,39,Sant Genís dels Agudells,Female,161,104
696,2013,7,Horta-Guinardó,40,Montbau,Female,130,59
697,2013,7,Horta-Guinardó,41,la Vall d'Hebron,Female,86,63
698,2013,7,Horta-Guinardó,42,la Clota,Female,7,9
699,2013,7,Horta-Guinardó,43,Horta,Female,462,330
700,2013,8,Nou Barris,44,Vilapicina i la Torre Llobeta,Female,421,391
701,2013,8,Nou Barris,45,Porta,Female,464,373
702,2013,8,Nou Barris,46,el Turó de la Peira,Female,381,310
703,2013,8,Nou Barris,47,Can Peguera,Female,39,45
704,2013,8,Nou Barris,48,la Guineueta,Female,217,191
705,2013,8,Nou Barris,49,Canyelles,Female,68,73
706,2013,8,Nou Barris,50,les Roquetes,Female,338,309
707,2013,8,Nou Barris,51,Verdun,Female,285,224
708,2013,8,Nou Barris,52,la Prosperitat,Female,469,394
709,2013,8,Nou Barris,53,la Trinitat Nova,Female,164,126
710,2013,8,Nou Barris,54,Torre Baró,Female,64,60
711,2013,8,Nou Barris,55,Ciutat Meridiana,Female,326,251
712,2013,8,Nou Barris,56,Vallbona,Female,32,36
713,2013,9,Sant Andreu,57,la Trinitat Vella,Female,290,247
714,2013,9,Sant Andreu,58,Baró de Viver,Female,77,77
715,2013,9,Sant Andreu,59,el Bon Pastor,Female,237,227
716,2013,9,Sant Andreu,60,Sant Andreu,Female,830,716
717,2013,9,Sant Andreu,61,la Sagrera,Female,545,470
718,2013,9,Sant Andreu,62,el Congrés i els Indians,Female,258,206
719,2013,9,Sant Andreu,63,Navas,Female,407,335
720,2013,10,Sant Martí,64,el Camp de l'Arpa del Clot,Female,856,651
721,2013,10,Sant Martí,65,el Clot,Female,539,409
722,2013,10,Sant Martí,66,el Parc i la Llacuna del Poblenou,Female,404,227
723,2013,10,Sant Martí,67,la Vila Olímpica del Poblenou,Female,189,116
724,2013,10,Sant Martí,68,el Poblenou,Female,691,507
725,2013,10,Sant Martí,69,Diagonal Mar i el Front Marítim del Poblenou,Female,261,206
726,2013,10,Sant Martí,70,el Besòs i el Maresme,Female,568,455
727,2013,10,Sant Martí,71,Provençals del Poblenou,Female,360,305
728,2013,10,Sant Martí,72,Sant Martí de Provençals,Female,446,355
729,2013,10,Sant Martí,73,la Verneda i la Pau,Female,505,426
